[
  {
    "datadome": "sHYCWEX_~P5umdL90Smnw4BpB0vLpF9_cnTjjxmnfIFE4j3DPo3UsKfD5Ts2_PgzeNx1H1OZZIOC6Fp~ddzhzauUbxRIzD317fXrrYwk2UpokuCGU8ijU4Abd_PVj7og",
    "sso_key": "ef9bdbd1241a88140b91bb295b8eb6b22d71f6403426cfb3dc7343f764c7311a",
    "ac_session": "4py7je11lha6tvz0fxkodhk25bu4j8b1",
    "token_session": "de612d06d9007a7764a4a5487f9905295d8073cc8f4b9f3b8851075b50c037c5c9c6350d7133f407498ab38fe4e82ce4"
  },
  {
    "datadome": "XAQayRuNz5I4S0eYPKY9glyCVPLn7OSPIiaYinfOeIK7_L0hhNTNaMYftZXr_we8GwEw~1_CUcU7m1wBE82mL677mpgWHD0N1KV6vYwT4PexX~~lW_kmK5H1sez9eiIC",
    "sso_key": "ef9bdbd1241a88140b91bb295b8eb6b24853feb2a886d80d8647c3423e6ab220",
    "ac_session": "1nku8exgmnsplt5kituz4i7bdvvjlaqx",
    "token_session": "220ea6421e7a5af820b7ea74555b16873d63041d06eeb7d3c67fbd8dfd49beb101ee50e31a23b6ea0122647e0e774865"
  },
  {
    "datadome": "mh8bWucRWaBjZNCqgQrA~BPMtZArSzqoYGh0w82N4XvCrmCutrinR2RqnBp0HC2butsKJu_orOTxHYFW9i~dArlwjmucYrAFg_dupafru56AYGQVDTxzlQBqD8n6quom",
    "sso_key": "ef9bdbd1241a88140b91bb295b8eb6b2e3b6f15968d29cab4fc8eb4ea97e8d14",
    "ac_session": "prg4w9lzesztbb7fp8qn31sv7wlwisao",
    "token_session": "fb17cffad3d654970e9d98e77c5ea0dbd79e2d3f5c042199543443c4ee22a4d45f8765df2506f2a32d06436278119487"
  }
]